{"cameraMode":{"drawMode":0,"name":"Shaded","section":"Shading Mode"},"sceneLighting":true,"audioPlay":false,"sceneViewState":{"m_AlwaysRefresh":false,"showFog":true,"showSkybox":true,"showFlares":true,"showImageEffects":true,"showParticleSystems":true,"showVisualEffectGraphs":true,"m_FxEnabled":true},"in2DMode":false,"pivot":{"x":-0.6201188564300537,"y":-5.7583465576171879,"z":-13.129663467407227},"rotation":{"x":-0.012064149603247643,"y":0.9700244665145874,"z":-0.23769879341125489,"w":-0.04921984672546387},"size":18.63938331604004,"orthographic":false}