{"cameraMode":{"drawMode":0,"name":"Shaded","section":"Shading Mode"},"sceneLighting":true,"audioPlay":false,"sceneViewState":{"m_AlwaysRefresh":false,"showFog":true,"showSkybox":true,"showFlares":true,"showImageEffects":true,"showParticleSystems":true,"showVisualEffectGraphs":true,"m_FxEnabled":true},"in2DMode":false,"pivot":{"x":3.4359703063964845,"y":8.796725273132325,"z":10.486732482910157},"rotation":{"x":0.08347118645906449,"y":0.8972930312156677,"z":-0.1929493546485901,"w":0.38818150758743288},"size":18.63938331604004,"orthographic":false}